SCHOOL NAME,NUM STUDENTS
47 The American Sign Language and English Secondary School,327
A. Philip Randolph Campus High School,650
ACADEMY FOR HEALTH CAREERS,160
ACADEMY FOR PERSONAL LEADERSHIP AND EXCELLENCE,315
ACORN Community High School,928
ACORN High School for Social Justice,543
Abraham Lincoln High School,949
Academy for College Preparation and Career Exploration: A College Board School,785
Academy for Conservation and the Environment,342
Academy for Language and Technology,332
Academy for Scholarship and Entrepreneurship: A College Board School,806
Academy for Social Action: A College Board School,842
Academy for Young Writers,387
Academy of Applied Mathematics and Technology,307
Academy of Business and Community Development,406
Academy of Collaborative Education,127
Academy of Environmental Science Secondary High School,412
Academy of Finance and Enterprise,802
Academy of Hospitality and Tourism,426
Academy of Innovative Technology,405
Academy of Public Relations,242
Accion Academy,346
Agnes Y. Humphrey School for Leadership,144
Alfred E. Smith Career and Technical Education High School,797
Amistad Dual Language School,345
Ampark Neighborhood,132
Andries Hudde,530
"Antonia Pantoja Preparatory Academy, A College Board School",561
"Archimedes Academy for Math, Science and Technology Applications",219
Art and Design High School,808
Arts & Media Preparatory Academy,518
Aspirations Diploma Plus High School,213
Aspire Preparatory Middle School,719
Astor Collegiate Academy,780
Automotive High School,765
Aviation Career & Technical Education High School,782
BATTERY PARK CITY SCHOOL,113
BAYCHESTER ACADEMY,101
BELL Academy,497
BRONX BRIDGES HIGH SCHOOL,187
BRONX CAREER AND COLLEGE PREPARATORY HIGH SCHOOL,306
BROOKLYN SCHOOL OF INQUIRY,83
BUSINESS OF SPORTS SCHOOL,340
"Ballet Tech, NYC Public School for Dance",255
Banana Kelly High School,737
Bard High School Early College,251
Bard High School Early College II,286
Baruch College Campus High School,398
Bayard Rustin Educational Complex,488
Bayside High School,1111
Beacon High School,528
Bedford Academy High School,348
Bedford Stuyvesant Preparatory High School,218
Belmont Preparatory High School,400
Benjamin Banneker Academy,592
Benjamin N. Cardozo High School,1042
Boys and Girls High School,828
Bread & Roses Integrated Arts High School,512
Brighter Choice Community School,122
Bronx Academy of Health Careers,814
Bronx Academy of Letters,795
Bronx Aerospace High School,778
Bronx Center for Science and Mathematics,541
Bronx Coalition Community High School,124
Bronx Dance Academy School,404
Bronx Early College Academy for Teaching & Learning,625
Bronx Engineering and Technology Academy,505
Bronx Expeditionary Learning High School,595
Bronx Green Middle School,704
Bronx Health Sciences High School,488
Bronx High School for Law and Community Service,638
Bronx High School for Medical Science,625
Bronx High School for Writing and Communication Arts,511
Bronx High School for the Visual Arts,752
Bronx High School of Business,557
Bronx High School of Science,592
Bronx International High School,140
Bronx Lab School,561
Bronx Latin,510
Bronx Leadership Academy High School,682
Bronx Leadership Academy II High School,664
Bronx Little School,159
Bronx Regional High School,327
"Bronx School for Law, Government and Justice",1368
Bronx School of Law and Finance,608
Bronx Studio School for Writers and Artists,522
Bronx Theatre High School,623
Bronx Writing Academy,334
Brooklyn Academy High School,257
Brooklyn Academy of Science and the Environment,519
Brooklyn Bridge Academy,252
Brooklyn Brownstone School,73
Brooklyn College Academy,623
Brooklyn Collegiate: A College Board School,637
"Brooklyn Community High School of Communication, Arts and Media",716
Brooklyn Generation School,490
Brooklyn High School for Leadership and Community Service,263
Brooklyn High School of the Arts,438
Brooklyn International High School at Water's Edge,274
Brooklyn Lab School,617
"Brooklyn Latin School, The",348
Brooklyn Preparatory High School,622
Brooklyn School for Global Studies,1129
Brooklyn School for Music & Theatre,757
Brooklyn Secondary School for Collaborative Studies,1222
Brooklyn Studio Secondary School,1375
Brooklyn Technical High School,616
Brooklyn Theatre Arts High School,688
Brownsville Academy High School,240
"CITY POLYTECHNIC HIGH SCHOOL OF ENGINEERING, ARCHITECTURE, AND TECHNOLOGY",224
CORNERSTONE ACADEMY FOR SOCIAL ACTION MIDDLE SCHOOL (CASA),311
CRESTON ACADEMY,341
Canarsie High School,231
Cascades High School,348
"Celia Cruz Bronx High School of Music, The",418
Central Park East High School,687
Central Park East II,42
Chelsea Career and Technical Education High School,771
Choir Academy of Harlem,540
Christopher Columbus High School,1001
City College Academy of the Arts,974
Civic Leadership Academy,583
Clara Barton High School,839
Coalition School for Social Change,501
Cobble Hill School of American Studies,956
"Collaborative Academy of Science, Technology, & Language-Arts Education",474
Collegiate Institute for Math and Science,583
Columbia Secondary School,401
Community Action School - MS 258,408
Community Health Academy of the Heights,758
Community School for Social Justice,605
Comprehensive Model School Project M.S. 327,289
Conselyea Preparatory School,421
Cornerstone Academy for Social Action,224
Crotona Academy High School,227
Cultural Academy for the Arts and Sciences,413
Cypress Hills Collegiate Preparatory School,580
DeWitt Clinton High School,1006
Discovery High School,434
Dr. Susan S. McKinney Secondary School of the Arts,780
DreamYard Preparatory School,470
E.S.M.T- I.S. 190,294
EAST BROOKLYN COMMUNITY HIGH SCHOOL,94
EAST FORDHAM ACADEMY FOR THE ARTS,172
EAST NEW YORK ELEMENTARY SCHOOL OF EXCELLENCE,165
EAST NEW YORK MIDDLE SCHOOL OF EXCELLENCE,312
EBC/ENY High School for Public Safety & Law,93
EMMA LAZARUS HIGH SCHOOL,246
ESPERANZA PREPARATORY ACADEMY,336
Eagle Academy for Young Men,782
Eagle Academy for Young Men II,243
Earth School,51
East Bronx Academy for the Future,894
East Flatbush Community Research School,356
East New York Family Academy,628
East Side Community School,777
East Side Middle School,358
East-West School of International Studies,1030
Ebbets Field Middle School,448
Edward A. Reynolds West Side High School,390
Edward R. Murrow High School,1145
El Puente Academy for Peace and Justice,268
Eleanor Roosevelt High School,493
"Elementary School for Math, Science, and Technology",133
Elijah Stroud Middle School,246
Ella Baker School,111
Emolior Academy,238
English Language Learners and International Support Preparatory Academy (ELLIS),179
Entrada Academy,502
Essence School,177
Essex Street Academy,314
Eximius College Preparatory Academy: A College Board School,833
Expeditionary Learning School for Community Leaders,572
Explorations Academy,645
FDNY High School for Fire and Life Safety,669
FORT GREENE PREPARATORY ACADEMY,294
FRANK McCOURT HIGH SCHOOL,75
"Facing History School, The",575
Fannie Lou Hamer Freedom High School,502
Fannie Lou Hamer Middle School,444
"Felisa Rincon de Gautier Institute for Law and Public Policy, The",759
Fiorello H. LaGuardia High School of Music & Art and Performing Arts,500
Flushing High School,1068
Flushing International High School,249
Food and Finance High School,543
Fordham High School for the Arts,688
Fordham Leadership Academy for Business and Technology,559
Foreign Language Academy of Global Studies,515
Forsyth Satellite Academy,115
Fort Hamilton High School,1130
Foundations Academy,416
Frances Perkins Academy,233
Francis Lewis High School,1092
Franklin Delano Roosevelt High School,916
Franklin K. Lane High School,297
Frederick Douglass Academy,907
Frederick Douglass Academy II Secondary School,799
Frederick Douglass Academy III Secondary School,1173
Frederick Douglass Academy IV Secondary School,829
Frederick Douglass Academy V. Middle School,420
Frederick Douglass Academy VII High School,740
Frederick Douglass Academy VIII Middle School,337
Freedom Academy High School,537
GLOBAL TECHNOLOGY PREPARATORY,346
GRANT AVENUE ELEMENTARY SCHOOL,82
Gateway School for Environmental Research and Technology,682
General D. Chappie James Elementary School of Science,178
General D. Chappie James Middle School of Science,202
George Westinghouse Career and Technical Education High School,932
Global Enterprise High School,543
Global Neighborhood Secondary School,472
Globe School for Environmental Research,373
Grace Dodge Career and Technical Education High School,693
Gramercy Arts High School,720
Green School: An Academy for Environmental Careers,515
Gregorio Luperon High School for Science and Mathematics,330
Grover Cleveland High School,803
HUDSON HIGH SCHOOL OF LEARNING TECHNOLOGIES,289
Hamilton Heights School,121
Harbor Heights,159
Harlem Renaissance High School,230
Harry S Truman High School,820
Harvey Milk High School,225
Health Opportunities High School,660
Henry Street School for International Studies,921
Herbert H. Lehman High School,1145
"Heritage School, The",484
High School X560 - Bronx Academy High School,331
High School for Arts and Business,766
"High School for Arts, Imagination and Inquiry",480
High School for Civil Rights,702
High School for Contemporary Arts,790
High School for Dual Language and Asian Studies,370
High School for Environmental Studies,720
High School for Excellence and Innovation,166
High School for Health Careers and Sciences,650
High School for Health Professions and Human Services,834
High School for Innovation in Advertising and Media,440
High School for International Business and Finance,416
High School for Law and Public Service,718
"High School for Law, Advocacy and Community Justice",584
"High School for Mathematics, Science and Engineering at City College",346
High School for Media and Communications,582
High School for Medical Professions,815
High School for Public Service: Heroes of Tomorrow,416
High School for Service & Learning at Erasmus,757
High School for Teaching and the Professions,513
High School for Violin and Dance,464
High School for Youth and Community Development at Erasmus,534
High School of American Studies at Lehman College,421
High School of Applied Communication,545
High School of Arts and Technology,558
High School of Computers and Technology,534
High School of Economics and Finance,796
High School of Graphic Communication Arts,761
High School of Hospitality Management,627
High School of Sports Management,730
High School of Telecommunication Arts and Technology,1007
High School of World Cultures,347
Holcombe L. Rucker School of Community Research,588
Hostos-Lincoln Academy of Science,858
Humanities Preparatory Academy,166
I. S. 381,390
I.S. 025 Adrien Block,429
I.S. 061 Leonardo Da Vinci,560
I.S. 068 Isaac Bildersee,573
I.S. 077,523
I.S. 093 Ridgewood,533
I.S. 096 Seth Low,704
I.S. 117 Joseph H. Wade,421
I.S. 119 The Glendale,654
I.S. 125 Thom J. McCann Woodside,658
I.S. 136 Charles O. Dewey,495
I.S. 171 Abraham Lincoln,348
I.S. 181 Pablo Casals,487
I.S. 195 Roberto Clemente,425
I.S. 206 Ann Mersereau,347
I.S. 211 John Wilson,638
I.S. 218 Salome Urena,401
I.S. 219 New Venture School,446
I.S. 228 David A. Boody,590
I.S. 229 Roland Patterson,283
I.S. 232,394
I.S. 237,554
I.S. 250 The Robert F. Kennedy Community Middle School,374
I.S. 254,483
I.S. 281 Joseph B Cavallaro,593
I.S. 285 Meyer Levin,522
I.S. 289,236
I.S. 30 Mary White Ovington,597
I.S. 303 Herbert S. Eisenberg,689
I.S. 313 School of Leadership Development,452
I.S. 318 Eugenio Maria De Hostos,146
I.S. 339,398
I.S. 340,356
I.S. 364 Gateway,266
I.S. 392,235
I.S. 5 - The Walter Crowley Intermediate School,566
I.S. 528 Bea Fuller Rodgers School,272
I.S. 73 - The Frank Sansivieri Intermediate School,577
I.S. 98 Bay Academy,404
I.S. M286 Renaissance Military Leadership Academy,297
I.S. X303 Leadership & Community Service,315
"I.S. X318 Math, Science & Technology Through Arts",485
INNOVATION DIPLOMA PLUS,223
INTERNATIONAL HIGH SCHOOL AT UNION SQUARE,123
In-Tech Academy (M.S. / High School 368),1111
Independence High School,272
Institute for Collaborative Education,69
International Arts Business School,590
International Community High School,226
International High School at LaGuardia Community College,221
International High School at Lafayette,258
International High School at Prospect Heights,309
International School for Liberal Arts,541
Irwin Altman Middle School 172,684
Isaac Newton Middle School for Math & Science,357
It Takes a Village Academy,510
J.H.S. 013 Jackie Robinson,445
J.H.S. 014 Shell Bank,608
J.H.S. 022 Jordan L. Mott,429
J.H.S. 050 John D. Wells,478
J.H.S. 052 Inwood,518
J.H.S. 054 Booker T. Washington,640
J.H.S. 057 Whitelaw Reid,237
J.H.S. 062 Ditmas,599
J.H.S. 067 Louis Pasteur,369
J.H.S. 074 Nathaniel Hawthorne,594
J.H.S. 078 Roy H. Mann,629
J.H.S. 080 The Mosholu Parkway,558
J.H.S. 088 Peter Rouget,559
J.H.S. 098 Herman Ridder,456
J.H.S. 104 Simon Baruch,587
J.H.S. 118 William W. Niles,528
J.H.S. 123 James M. Kieran,187
J.H.S. 125 Henry Hudson,543
J.H.S. 127 The Castle Hill,535
J.H.S. 131 Albert Einstein,509
J.H.S. 143 Eleanor Roosevelt,573
J.H.S. 144 Michelangelo,574
J.H.S. 145 Arturo Toscanini,442
J.H.S. 151 Lou Gehrig,276
J.H.S. 162 Lola Rodriguez De Tio,478
J.H.S. 166 George Gershwin,160
J.H.S. 166 Roberto Clemente,259
J.H.S. 167 Robert F. Wagner,446
J.H.S. 185 Edward Bleeker,489
J.H.S. 189 Daniel Carter Beard,591
J.H.S. 194 William Carr,546
J.H.S. 201 The Dyker Heights,658
J.H.S. 202 Robert H. Goddard,594
J.H.S. 210 Elizabeth Blackwell,702
J.H.S. 216 George J. Ryan,549
J.H.S. 218 James P. Sinnott,835
J.H.S. 220 John J. Pershing,521
J.H.S. 223 The Montauk,467
J.H.S. 226 Virgil I. Grissom,447
J.H.S. 227 Edward B. Shallow,575
J.H.S. 234 Arthur W. Cunningham,691
J.H.S. 259 William Mckinley,578
J.H.S. 278 Marine Park,684
J.H.S. 292 Margaret S. Douglas,605
J.H.S. 302 Rafael Cordero,401
J.H.S. M044 William J. O'Shea,280
Jacqueline Kennedy Onassis High School,664
"James Baldwin School, The: A School for Expeditionary Learning",456
James Madison High School,945
James Weldon Johnson,717
Jane Addams High School for Academic Careers,557
Jill Chaifetz Transfer High School,309
John Bowne High School,1167
John Dewey High School,1018
John Ericsson Middle School 126,539
John F. Kennedy High School,797
Jonas Bronck Academy,415
Jonathan Levin High School for Media and Communications,401
Juan Morel Campos Secondary School,970
KAPPA IV,376
Kappa,305
Kappa II,55
Kappa III,627
Kappa V,402
Khalil Gibran International Academy,154
Kingsborough Early College School,702
Kingsbridge International High School,414
Knowledge and Power Preparatory Academy International High School (Kappa),476
Knowledge and Power Preparatory Academy VII Middle School,344
Kurt Hahn Expeditionary Learning School,699
Landmark High School,744
Leadership Institute,570
Leadership and Public Service High School,713
Learners and Leaders,171
Legacy School for Integrated Studies,613
Leon M. Goldstein High School for the Sciences,842
Liberation Diploma Plus,107
Liberty High School Academy for Newcomers,241
Life Academy High School for Film and Music,561
Life Sciences Secondary School,939
Louis D. Brandeis High School,475
Lower East Side Preparatory High School,388
Lower Manhattan Arts Academy,577
Lower Manhattan Community Middle School,147
Lyons Community School,1000
M.S. 002,607
M.S. 035 Stephen Decatur,124
M.S. 053 Brian Piccolo,410
M.S. 061 Dr. Gladstone H. Atwell,623
M.S. 113 Ronald Edmonds Learning Center,253
M.S. 131,499
M.S. 137 America's School of Heroes,678
M.S. 158 Marie Curie,797
M.S. 180 Dr. Daniel Hale Williams,387
M.S. 203,495
M.S. 223 The Laboratory School of Finance and Technology,508
M.S. 224 Manhattan East School for Arts & Academics,221
M.S. 243 Center School,385
M.S. 246 Walt Whitman,525
M.S. 250 West Side Collaborative Middle School,186
M.S. 255 Salk School of Science,425
M.S. 256 Academic & Athletic Excellence,229
M.S. 260 Clinton School Writers & Artists,418
"M.S. 267 Math, Science & Technology",124
M.S. 301 Paul L. Dunbar,522
M.S. 302 Luisa Dessus Cruz,481
M.S. 319 - Maria Teresa,473
M.S. 321 - Minerva,122
M.S. 324 - Patria Mirabal,308
M.S. 326 - Writers Today & Leaders Tomorrow,367
M.S. 328 - Manhattan Middle School for Scientific Inquiry,457
M.S. 390,456
M.S. 399,260
M.S. 45/S.T.A.R.S. Prep Academy,400
M.S. 51 William Alexander,593
M.S. 571,210
M.S. 582,452
M.S. 584,333
M.S. K266 - Park Place Community Middle School,292
M.S. K394,642
M.S. M245 The Computer School,108
M.S. M247 Dual Language Middle School,455
M.S. X101 Edward R. Byrne,468
MANHATTAN ACADEMY FOR ARTS & LANGUAGE,159
MANHATTAN BUSINESS ACADEMY,362
MOTT HALL BRIDGES MIDDLE SCHOOL,153
MOTT HALL COMMUNITY SCHOOL,204
MS 142 John Philip Sousa,606
MURRAY HILL ACADEMY,79
Magnet School for Science & Technology,198
"Magnet School of Math, Science and Design Technology",342
Manhattan / Hunter Science High School,302
Manhattan Bridges High School,375
Manhattan Center for Science and Mathematics,990
Manhattan Comprehensive Night and Day High School,693
Manhattan International High School,345
Manhattan Theatre Lab High School,388
Manhattan Village Academy,484
Marble Hill High School for International Studies,750
Mark Twain I.S. 239 for the Gifted & Talented,641
Marta Valle High School,523
Martin Van Buren High School,894
Medgar Evers College Preparatory School,613
Metropolitan Corporate Academy High School,584
Metropolitan Diploma Plus High School,359
"Metropolitan High School, The",524
Middle College High School at LaGuardia Community College,412
Middle School 322,596
Middle School for Academic and Social Excellence,342
Middle School for Art and Philosophy,373
Middle School for the Arts,809
Middle School of Marketing and Legal Studies,403
Midwood High School,1181
Millennium Art Academy,593
Millennium High School,732
Monroe Academy for Business/Law,498
Monroe Academy for Visual Arts & Design,477
Morris Academy for Collaborative Studies,692
Mosaic Preparatory Academy,163
Mott Hall Bronx High School,388
Mott Hall High School,589
Mott Hall II,407
Mott Hall III,431
Mott Hall IV,401
Mott Hall V,771
Mott Haven Village Preparatory High School,644
Multicultural High School,285
Murry Bergtraum High School for Business Careers,838
Muscota,104
N.Y.C. Lab School for Collaborative Studies,952
N.Y.C. Museum School,800
NYC iSchool,536
Neighborhood School,140
New Day Academy,813
New Design High School,572
"New Explorations into Science, Technology and Math High School",770
New Explorers High School,565
New Horizons School,164
New Millennium Business Academy Middle School,255
New Utrecht High School,922
New Voices School of Academic & Creative Arts,447
New World High School,260
New York City Lab Middle School for Collaborative Studies,404
Newtown High School,910
Norman Thomas High School,674
North Queens Community High School,317
Olympus Academy,74
P.S. / I.S. 224,374
P.S. / I.S. 266,611
P.S. / I.S. 54,183
P.S. / M.S. 114 Belle Harbor,516
P.S. 001 Alfred E. Smith,181
P.S. 001 Courtlandt School,268
P.S. 001 The Bergen,311
P.S. 002 Meyer London,281
P.S. 002 Morrisania,65
P.S. 003 Charrette School,151
P.S. 003 The Bedford Village,196
P.S. 004 Duke Ellington,246
P.S. 005 Dr. Ronald Mcnair,140
P.S. 005 Ellen Lurie,231
P.S. 005 Port Morris,190
P.S. 006,241
P.S. 006 Lillie D. Blake,334
P.S. 006 West Farms,195
P.S. 007 Abraham Lincoln,130
P.S. 007 Kingsbridge,211
P.S. 007 Louis F. Simeone,190
P.S. 007 Samuel Stern,341
P.S. 008 Issac Varian,221
P.S. 008 Luis Belliard,202
P.S. 008 Robert Fulton,281
P.S. 009 Sarah Anderson,350
P.S. 009 Teunis G. Bergen,243
P.S. 011 Highbridge,255
P.S. 011 Purvis J. Behan,152
P.S. 011 William T. Harris,412
P.S. 012,156
P.S. 012 James B. Colgate,306
P.S. 013 Clement C. Moore,257
P.S. 013 Roberto Clemente,174
P.S. 014 Fairview,209
P.S. 015 Patrick F. Daly,286
P.S. 015 Roberto Clemente,182
P.S. 016 Leonard Dunkly,126
P.S. 016 Wakefield,264
P.S. 017 Henry D. Woodworth,253
P.S. 018 Edward Bush,153
P.S. 018 John Peter Zenger,255
P.S. 018 Park Terrace,427
P.S. 018 Winchester,168
P.S. 019 Asher Levy,211
P.S. 019 Judith K. Weiss,762
P.S. 019 Marino Jeantet,290
P.S. 019 Roberto Clemente,144
P.S. 020 Anna Silver,285
P.S. 020 Clinton Hill,281
P.S. 020 John Bowne,157
P.S. 021 Crispus Attucks,209
P.S. 021 Edward Hart,410
P.S. 021 Philip H. Sheridan,234
P.S. 022,224
P.S. 022 Thomas Jefferson,236
P.S. 023 Carter G. Woodson,157
P.S. 023 The New Children's School,152
P.S. 024,217
P.S. 024 Andrew Jackson,302
P.S. 024 Spuyten Duyvil,341
P.S. 025 Bilingual School,125
P.S. 025 Eubie Blake School,130
P.S. 026 Jesse Owens,242
P.S. 026 Rufus King,329
P.S. 028 Mount Hope,242
P.S. 028 The Warren Prep Academy,158
P.S. 028 Wright Brothers,278
P.S. 029 John M. Harrigan,307
P.S. 029 Queens,218
P.S. 030 Hernandez/Hughes,212
P.S. 030 Wilton,168
P.S. 031 Bayside,181
P.S. 031 Samuel F. Dupont,191
P.S. 032 Belmont,295
P.S. 032 Samuels Mills Sprole,96
P.S. 032 State Street,168
P.S. 033 Chelsea Prep,195
P.S. 033 Timothy Dwight,251
P.S. 034 Franklin D. Roosevelt,558
P.S. 034 Oliver H. Perry,187
P.S. 035 Franz Siegel,156
P.S. 036 Margaret Douglas,360
P.S. 036 Unionport,299
P.S. 038 The Pacific,205
P.S. 039 Henry Bristow,171
P.S. 040 Augustus Saint-Gaudens,311
P.S. 040 George W. Carver,215
P.S. 041 Crocheron,238
P.S. 041 Francis White,724
P.S. 041 Greenwich Village,307
P.S. 041 Gun Hill Road,250
P.S. 042 Benjamin Altman,186
P.S. 042 Claremont,257
P.S. 042 R. Vernam,291
P.S. 043,621
P.S. 043 Jonas Bronck,210
P.S. 044 David C. Farragut,169
P.S. 044 Marcus Garvey,142
P.S. 045 Clarence Witherspoon,193
P.S. 046 Alley Pond,318
P.S. 046 Arthur Tappan,606
P.S. 046 Edgar Allan Poe,348
P.S. 046 Edward C. Blum,124
P.S. 047 Chris Galas,356
P.S. 047 John Randolph,311
P.S. 048 Joseph R. Drake,239
P.S. 048 Mapleton,183
P.S. 048 P.O. Michael J. Buczek,305
P.S. 049 Dorothy Bonawit Kole,688
P.S. 049 Willis Avenue,247
P.S. 050 Clara Barton,211
P.S. 050 Vito Marcantonio,660
P.S. 051,95
P.S. 051 Bronx New School,149
P.S. 051 Elias Howe,253
P.S. 052 Sheepshead Bay,448
P.S. 053 Basheer Quisim,206
P.S. 054 Samuel C. Barnes,235
P.S. 055 Benjamin Franklin,163
P.S. 056 Harry Eichler,246
P.S. 056 Lewis H. Latimer,151
P.S. 056 Norwood Heights,198
P.S. 057 Crescent,228
P.S. 058,198
P.S. 058 The Carroll,293
P.S. 059 Beekman Hill International,301
P.S. 059 The Community School of Technology,235
P.S. 059 William Floyd,157
P.S. 060 Woodhaven,263
P.S. 061 Francisco Oller,219
P.S. 062 Chester Park,178
P.S. 062 Inocensio Casanova,272
P.S. 063 Author's Academy,290
P.S. 063 Old South,211
P.S. 063 William McKinley,164
P.S. 064 Joseph P. Addabbo,186
P.S. 064 Pura Belpre,272
P.S. 064 Robert Simon,247
P.S. 065,244
P.S. 065 Mother Hale Academy,165
P.S. 066 Jacqueline Kennedy Onassis,274
P.S. 066 School of Higher Expectations,236
P.S. 067 Charles A. Dorsey,144
P.S. 067 Mohegan School,162
P.S. 068 Bronx,231
P.S. 068 Cambridge,248
P.S. 069 The New Vision School,248
P.S. 070 Max Schoenfeld,200
P.S. 071 Forest,284
P.S. 071 Rose E. Scala,812
P.S. 072 Dr. William Dorney,307
P.S. 073 Bronx,255
P.S. 073 Thomas S. Boyland,278
P.S. 075,268
P.S. 075 Emily Dickinson,285
P.S. 076 A. Philip Randolph,241
P.S. 076 The Bennington School,313
P.S. 078 Anne Hutchinson,249
P.S. 079 Creston,39
P.S. 079 Francis Lewis,325
P.S. 081 Robert J. Christen,202
P.S. 081 Thaddeus Stevens,326
P.S. 083 Donald Hertz,886
P.S. 083 Luis Munoz Rivera,193
P.S. 084 Jose De Diego,187
P.S. 084 Lillian Weber,231
P.S. 085 Great Expectations,325
P.S. 086 Kingsbridge Heights,326
P.S. 087 Bronx,212
P.S. 087 Middle Village,642
P.S. 087 William Sherman,243
P.S. 088 Seneca,323
P.S. 089 Bronx,762
P.S. 089 Cypress Hills,382
P.S. 089 Elmhurst,340
P.S. 090 George Meany,24
P.S. 090 Horace Mann,306
P.S. 091 Bronx,228
P.S. 091 Richard Arkwright,347
P.S. 091 The Albany Avenue School,279
P.S. 092 Adrian Hegeman,188
P.S. 092 Bronx,166
P.S. 092 Mary McLeod Bethune,187
P.S. 093 Albert G. Oliver,229
P.S. 093 William H. Prescott,173
P.S. 094 David D. Porter,144
P.S. 094 Kings College School,235
P.S. 094 The Henry Longfellow,232
P.S. 095 Sheila Mencher,966
P.S. 095 The Gravesend,491
P.S. 096,199
P.S. 096 Joseph Lanzetta,454
P.S. 096 Richard Rodgers,257
P.S. 097 Bronx,274
P.S. 097 Forest Park,242
P.S. 098 Shorac Kappock,217
P.S. 098 The Douglaston School,135
P.S. 099 Isaac Asimov,672
P.S. 100 Glen Morris,259
P.S. 100 Isaac Clason,301
P.S. 100 The Coney Island School,204
P.S. 101 The Verrazano,294
P.S. 102 Bayview,509
P.S. 102 Jacques Cartier,203
P.S. 102 Joseph O. Loretan,237
P.S. 102 The Bayview,341
P.S. 103 Hector Fontanez,248
P.S. 104 The Bays Water,340
P.S. 105 Sen Abraham Bernstein,345
P.S. 105 The Bay School,535
P.S. 105 The Blythebourne,381
P.S. 106,238
P.S. 106 Parkchester,309
P.S. 107,259
P.S. 107 John W. Kimball,231
P.S. 107 Thomas A Dooley,166
P.S. 108 Assemblyman Angelo Del Toro Educational Complex,221
P.S. 108 Captain Vincent G. Fowler,326
P.S. 108 Philip J. Abinanti,188
P.S. 108 Sal Abbracciamento,203
P.S. 109,669
P.S. 109 Sedgwick,182
P.S. 110 Florence Nightingale,288
P.S. 110 The Monitor,227
P.S. 110 Theodore Schoenfeld,206
P.S. 111 Adolph S. Ochs,591
P.S. 111 Seton Falls,293
P.S. 112 Bronxwood,229
P.S. 112 Jose Celso Barbosa,105
P.S. 112 Lefferts Park,203
P.S. 113 Isaac Chauncey,414
P.S. 114 Ryder Elementary,205
P.S. 115 Alexander Humboldt,196
P.S. 115 Daniel Mucatel School,361
P.S. 115 Glen Oaks,419
P.S. 116 Mary Lindley Murray,298
P.S. 119,262
P.S. 119 Amersfort,275
P.S. 120 Carlos Tapia,140
P.S. 120 Queens,227
P.S. 121 Nelson A. Rockefeller,272
P.S. 121 Throop,333
P.S. 123,311
P.S. 123 Mahalia Jackson,625
P.S. 124 Osmond A Church,707
P.S. 124 Silas B. Dutcher,143
P.S. 124 Yung Wing,436
P.S. 125 Ralph Bunche,118
P.S. 126 Dr Marjorie H Dunbar,249
P.S. 126 Jacob August Riis,795
P.S. 127 Mckinley Park,302
P.S. 128 Audubon,207
P.S. 128 Bensonhurst,191
P.S. 128 Juniper Valley,355
P.S. 129 John H. Finley,466
P.S. 129 Patricia Larkin,302
P.S. 129 Twin Parks Upper,340
P.S. 130,173
P.S. 130 Abram Stevens Hewitt,212
P.S. 130 Hernando De Soto,336
P.S. 130 The Parkside,188
P.S. 131 Brooklyn,241
P.S. 132 Garret A. Morgan,284
P.S. 132 Juan Pablo Duarte,238
P.S. 132 The Conselyea School,280
P.S. 133 Fred R Moore,255
P.S. 133 Queens,207
P.S. 133 William A. Butler,227
P.S. 134 George F. Bristow,193
P.S. 134 Henrietta Szold,150
P.S. 135 Sheldon A. Brookner,200
P.S. 137 John L. Bernstein,144
P.S. 138 Brooklyn,598
P.S. 138 Samuel Randall,308
P.S. 139 Alexine A. Fenty,363
P.S. 140 Nathan Straus,539
P.S. 142 Amalia Castro,276
P.S. 143 Louis Armstrong,281
"P.S. 145, The Bloomingdale School",220
P.S. 146,355
P.S. 146 Ann M. Short,302
P.S. 146 Edward Collins,164
P.S. 146 Howard Beach,636
P.S. 147 Isaac Remsen,134
P.S. 149 Danny Kaye,202
P.S. 149 Sojourner Truth,379
P.S. 150,162
P.S. 150 Charles James Fox,269
P.S. 150 Christopher,323
P.S. 152 Dyckman Valley,266
P.S. 152 Evergreen,201
P.S. 153 Adam Clayton Powell,438
P.S. 153 Helen Keller,380
P.S. 153 Homecrest,202
P.S. 153 Maspeth Elem,460
P.S. 154 Harriet Tubman,148
P.S. 154 Jonathan D. Hyatt,240
P.S. 154 Queens,163
P.S. 155,262
P.S. 155 William Paca,177
P.S. 156 Waverly,247
P.S. 157 Benjamin Franklin,186
P.S. 157 Grove Hill,145
P.S. 158 Bayard Taylor,351
P.S. 158 Warwick,180
P.S. 159,163
P.S. 159 Isaac Pitkin,187
P.S. 159 Luis Munoz Marin Biling,160
P.S. 160 Walt Disney,212
P.S. 160 William T. Sampson,178
P.S. 161 Pedro Albizu Campos,799
P.S. 161 Ponce De Leon,299
P.S. 161 The Crown,648
P.S. 162 John Golden,186
P.S. 163 Alfred E. Smith,428
P.S. 163 Arthur A. Schomburg,158
P.S. 163 Bath Beach,199
P.S. 163 Flushing Heights,175
P.S. 164 Caesar Rodney,293
P.S. 164 Queens Valley,690
P.S. 165 Edith K. Bergtraum,427
P.S. 165 Ida Posner,457
P.S. 165 Robert E. Simon,691
P.S. 166 The Richard Rodgers School of The Arts and Technology,317
P.S. 167 The Parkway,223
P.S. 169 Bay Terrace,215
P.S. 169 Sunset Park,268
P.S. 170,76
P.S. 171 Patrick Henry,484
P.S. 172 Beacon School of Excellence,303
P.S. 173,233
P.S. 173 Fresh Meadows,180
P.S. 174 Dumont,433
P.S. 175 City Island,284
P.S. 175 Henry H Garnet,206
P.S. 176 Ovington,446
P.S. 177 The Marlboro,288
P.S. 178 - Dr. Selman Waksman,179
P.S. 178 Saint Clair Mckelway,261
P.S. 179,221
P.S. 179 Kensington,206
P.S. 180 Hugo Newman,474
P.S. 181 Brooklyn,809
P.S. 182,397
P.S. 183 Dr. Richard R. Green,786
P.S. 183 Robert L. Stevenson,305
P.S. 184 Flushing Manor,234
P.S. 184 Newport,429
P.S. 184m Shuang Wen,459
P.S. 185 John M. Langston,133
P.S. 185 Walter Kassenbrock,280
P.S. 186 Castlewood,152
P.S. 186 Dr. Irving A Gladstone,300
P.S. 188 Kingsbury,347
P.S. 188 Michael E. Berdy,378
P.S. 188 The Island School,553
P.S. 189,253
P.S. 189 Lincoln Terrace,453
P.S. 190 Sheffield,171
P.S. 191 Amsterdam,481
P.S. 191 Mayflower,190
P.S. 191 Paul Robeson,190
P.S. 192 - The Magnet School for Math and Science Inquiry,591
P.S. 192 Jacob H. Schiff,142
P.S. 193 Alfred J. Kennedy,211
P.S. 193 Gil Hodges,315
P.S. 194 Countee Cullen,241
P.S. 194 Raoul Wallenberg,297
P.S. 195,229
P.S. 195 Manhattan Beach,169
P.S. 196,241
P.S. 196 Ten Eyck,275
P.S. 197 Brooklyn,295
P.S. 197 John B. Russwurm,245
P.S. 197 The Ocean School,269
P.S. 198,49
P.S. 198 Brooklyn,271
P.S. 198 Isador E. Ida Straus,305
P.S. 199 Frederick Wachtel,242
P.S. 199 Jessie Isador Straus,157
P.S. 199 Maurice A. Fitzgerald,207
P.S. 199X - The Shakespeare School,200
P.S. 20 P.O.George J. Werdan III,359
P.S. 200 Benson School,328
P.S. 200- The James Mccune Smith School,152
P.S. 201 The Discovery School for Inquiry and Research,272
P.S. 202 Ernest S. Jenkyns,402
P.S. 203 Floyd Bennett,334
P.S. 203 Oakland Gardens,288
P.S. 204 Morris Heights,188
P.S. 204 Vince Lombardi,394
P.S. 205 Alexander Graham Bell,159
P.S. 205 Clarion,168
P.S. 205 Fiorello Laguardia,338
P.S. 206 Jose Celso Barbosa,120
P.S. 206 Joseph F Lamb,734
P.S. 207,89
P.S. 207 Elizabeth G. Leary,878
P.S. 207 Rockwood Park,736
P.S. 208 Alain L. Locke,154
P.S. 208 Elsa Ebeling,303
P.S. 209,105
P.S. 209 Clearview Gardens,411
P.S. 209 Margaret Mead,488
P.S. 211,463
P.S. 212,411
P.S. 212 Lady Deborah Moody,356
P.S. 212 Midtown West,179
P.S. 213 New Lots,150
P.S. 213 The Carl Ullman School,234
P.S. 214,866
P.S. 214 Cadwallader Colden,206
P.S. 214 Michael Friedsam,243
P.S. 215 Lucretia Mott,233
P.S. 215 Morris H. Weiss,401
P.S. 216 Arturo Toscanini,232
P.S. 217 Colonel David Marcus School,337
P.S. 219 Kennedy-King,194
P.S. 219 Paul Klapper,784
P.S. 221 The North Hills School,159
P.S. 221 Toussaint L'Ouverture,219
P.S. 222 Katherine R. Snyder,259
P.S. 223 Lyndon B. Johnson,177
P.S. 224 Hale A. Woodruff,248
P.S. 225 Seaside,110
P.S. 226,239
P.S. 226 Alfred De B.Mason,915
P.S. 229 Dyker,462
P.S. 229 Emanuel Kaplan,383
P.S. 230 Doris L. Cohen,421
P.S. 230 Dr Roland N. Patterson,152
P.S. 233 Langston Hughes,212
P.S. 234 Independence School,260
P.S. 235 Lenox School,433
P.S. 236 Langston Hughes,152
P.S. 236 Mill Basin,432
P.S. 238 Anne Sullivan,498
P.S. 239,264
P.S. 241 Emma L. Johnston,251
P.S. 241 Family Academy,259
P.S. 242 Leonard P. Stavisky Early Childhood School,191
P.S. 243K- The Weeksville School,231
P.S. 244 Richard R. Green,298
P.S. 245,135
P.S. 246 Poe Center,232
P.S. 247 Brooklyn,232
P.S. 249 The Caton,98
P.S. 250 George H. Lindsay,173
P.S. 251 Paerdegat,336
P.S. 253,223
P.S. 254 Dag Hammarskjold,259
P.S. 255 Barbara Reing School,301
P.S. 256 Benjamin Banneker,133
P.S. 257 John F. Hylan,150
P.S. 260 Breuckelen,188
P.S. 261 Philip Livingston,297
P.S. 262 El Hajj Malik El Shabazz Elementary School,211
P.S. 264 BAY RIDGE ELEMENTARY SCHOOL FOR THE ARTS,49
P.S. 267,15
P.S. 268 Emma Lazarus,256
P.S. 269 Nostrand,250
P.S. 270 Johann DeKalb,125
P.S. 272 Curtis Estabrook,288
P.S. 273 Wortman,234
P.S. 276 Louis Marshall,316
P.S. 277,211
P.S. 277 Gerritsen Beach,241
"P.S. 279 Captain Manuel Rivera, Jr.",582
P.S. 279 Herman Schreiber,215
P.S. 28 - The Thomas Emanuel Early Childhood Center,163
P.S. 282 Park Slope,516
P.S. 284 Lew Wallace,406
P.S. 287 Bailey K. Ashford,179
P.S. 288 The Shirley Tanyhill,433
P.S. 289 George V. Brower,302
P.S. 290,43
P.S. 290 Juan Morel Campos,187
P.S. 290 Manhattan New School,302
P.S. 291,151
P.S. 295,294
P.S. 297 Abraham Stockton,210
P.S. 298 Dr. Betty Shabazz,562
P.S. 3 Raul Julia Micro Society,484
P.S. 304 Early Childhood School,210
P.S. 305 Dr. Peter Ray,202
P.S. 306,217
P.S. 306 Ethan Allen,423
P.S. 307 Daniel Hale Williams,262
P.S. 308 Clara Cardwell,507
P.S. 309 The George E. Wibecan Preparatory Academy,202
P.S. 310,52
P.S. 310 Marble Hill,299
P.S. 312 Bergen Beach,403
P.S. 315 Lab School,340
P.S. 316 Elijah Stroud,250
P.S. 319,88
P.S. 321 William Penn,321
P.S. 325,193
P.S. 326,62
P.S. 327 Dr. Rose B. English,412
P.S. 328 Phyllis Wheatley,425
P.S. 329 Surfside,291
P.S. 330,61
P.S. 332 Charles H. Houston,364
P.S. 333 - The Museum School,140
P.S. 333 Manhattan School for Children,688
P.S. 335 Granville T. Woods,252
P.S. 340,218
P.S. 345 Patrolman Robert Bolden,154
P.S. 346 Abe Stark,148
P.S. 360,167
P.S. 361 East Flatbush Early Childhood School,147
P.S. 375 Jackie-Robinson School,338
P.S. 38 Roberto Clemente,256
P.S. 380 John Wayne Elementary,139
P.S. 396,167
P.S. 397 Foster-Laurie,184
P.S. 398 Walter Weaver,191
P.S. 399 Stanley Eugene Clark,180
P.S. 452,37
P.S. 506: The School of Journalism & Technology,215
P.S. 58 - School of Heroes,373
P.S. 65 - The Raymond York Elementary School,232
P.S. 66,332
P.S. 69 Vincent D. Grippo School,213
P.S. 748 BROOKLYN SCHOOL FOR GLOBAL SCHOLARS,53
P.S. 77 Lower Lab School,185
P.S. 770 New American Academy,110
P.S. 81Q Jean Paul Richter,293
P.S. 89,306
P.S. 9 Ryer Avenue Elementary School,198
P.S. 90 Edna Cohen School,274
P.S. 97 The Highlawn,320
P.S. 971,38
P.S. K134,233
P.S. K225 - The Eileen E. Zaglin,640
P.S. K315,356
P.S. Q016,395
P.S. X014 Senator John Calandra,309
P.S. X015 Institute for Environmental Learning,380
P.S. X037 - Multiple Intelligence School,365
P.S. X088 - S. Silverstein Little Sparrow School,96
P.S. X114 - Luis Llorens Torres Schools,309
P.S. X140 The Eagle School,172
P.S. X307 - Eames Place,162
P.S./ I.S. 155 Nicholas Herkimer,350
P.S./ IS 178 Holliswood,411
P.S./I.S. 072 Annette P Goldman,347
P.S./I.S. 104 The Fort Hamilton School,618
P.S./I.S. 137 Rachel Jean Mitchell,349
P.S./I.S. 187 Hudson Cliffs,552
P.S./I.S. 210 - Twenty-first Century Academy for Community Leadership,467
P.S./I.S. 217 Roosevelt Island,391
P.S./I.S. 218 Rafael Hernandez Dual Language Magnet School,592
P.S./I.S. 323,408
P.S./M.S. 004 Crotona Park West,288
P.S./M.S. 029 Melrose School,433
P.S./M.S. 031 The William Lloyd Garrison,536
P.S./M.S. 280 Mosholu Parkway,301
PELHAM ACADEMY OF ACADEMICS AND COMMUNITY ENGAGEMENT,230
PROGRESS High School for Professional Careers,784
PS 503: The School of Discovery,314
PS M242-Gwendolyn Powell Brown Computer School,157
PS/MS 11X498 - VAN NEST ACADEMY,266
PS/MS 194,691
PS/MS 200 - The Pomonok School & STAR Academy,599
Pablo Neruda Academy for Architecture and World Studies,528
Pace High School,663
Pacific High School,259
Pan American International High School,295
Pan American International High School at Monroe,199
Park East High School,367
Paul Robeson High School,688
Paula Hedbavny School,415
Peace and Diversity Academy,650
Pelham Preparatory Academy,620
Performance Conservatory High School,671
Performance School,151
Performing Arts and Technology High School,567
Pioneer Academy,196
Professional Performing Arts High School,676
Professor Juan Bosch Public School,97
Providing Urban Learners Success In Education High School,118
Queens Academy High School,242
"Queens High School of Teaching, Liberal Arts and the Sciences",1010
"Queens School of Inquiry, The",691
Queens Vocational and Technical High School,1008
Quest to Learn,207
RED HOOK NEIGHBORHOOD SCHOOL,155
Rachel Carson High School for Coastal Studies,598
Ralph A. Fabrizio School,334
Renaissance High School for Musical Theater & Technology,661
Renaissance School of the Arts,300
Repertory Company High School for Theatre Arts,286
Richard R. Green High School of Teaching,672
River East Elementary,207
Riverdale / Kingsbridge Academy (Middle School / High School 141),1057
Robert F. Kennedy Community High School,823
"Robert F. Wagner, Jr. Secondary School for Arts and Technology",1030
Ronald Edmonds Learning Center II,304
SCIENCE AND TECHNOLOGY ACADEMY: A MOTT HALL SCHOOL,304
SHERIDAN ACADEMY FOR YOUNG LEADERS,146
SOUNDVIEW ACADEMY FOR CULTURE AND SCHOLARSHIP,185
SPRUCE STREET SCHOOL,44
SUNSET PARK HIGH SCHOOL,482
Samuel Gompers Career and Technical Education High School,713
Satellite East Middle School,84
Satellite Three,256
Satellite West Middle School,318
School for Community Research and Learning,657
School for Democracy and Leadership,834
School for Environmental Citizenship,155
School for Excellence,437
School for Global Leaders,180
"School for Human Rights, The",942
School for International Studies,604
School for Legal Studies,721
"School of Business, Finance and Entrepreneurship",135
School of Diplomacy,299
School of Performing Arts,453
School of Science & Technology,217
School of the Future High School,51
Science Skills Center High School at Water's Edge,770
"Science, Technology and Research Early College High School at Erasmus",566
Secondary School for Journalism,547
Secondary School for Law,684
Secondary School for Research,692
Sheepshead Bay High School,975
South Bronx Academy for Applied Media,379
South Bronx Preparatory: A College Board School,878
South Brooklyn Community High School,191
Special Music School,197
Stuyvesant High School,591
Sunset Park Prep,456
THE ACADEMY OF TALENTED SCHOLARS,96
THE CHILDREN'S SCHOOL,97
THE CINEMA SCHOOL,249
THE FAMILY SCHOOL,185
THE GLOBAL LEARNING COLLABORATIVE,252
THE HIGH SCHOOL FOR LANGUAGE AND DIPLOMACY,353
"THE SCHOOL FOR CLASSICS: AN ACADEMY OF THINKERS, WRITERS AND PERFORMERS",506
THE SCIENCE AND MEDICINE MIDDLE SCHOOL,244
THE URBAN ASSEMBLY INSTITUTE FOR NEW TECHNOLOGIES,199
THE URBAN ASSEMBLY SCHOOL FOR GREEN CAREERS,37
Tag Young Scholars,607
Talent Unlimited High School,413
Teachers Preparatory High School,586
"Technology, Arts, and Sciences Studio",356
The 47 American Sign Language & English Lower School,272
The 51 Avenue Academy (The Path To Academic Excellence),114
The Academy of the Arts,150
The Active Learning Elementary School,103
The Anderson School,451
The Angelo Patri Middle School,475
The Bilingual Bicultural School,126
The Bronx Mathematics Preparatory School,476
The Bronx School of Science Inquiry and Investigation,420
The Bronxwood Preparatory Academy,682
The Brooklyn Academy of Global Finance,373
The Children's Workshop School,115
The Christa McAuliffe School\I.S. 187,338
The East Village Community School,163
The Forward School,316
"The High School for Enterprise, Business and Technology",940
The High School for Global Citizenship,598
The High School of Fashion Industries,703
The Hunts Point School,411
The Lexington Academy,228
"The Marie Curie School for Medicine, Nursing, and Health Professions",833
The Math & Science Exploratory School,502
The Mott Hall School,238
The New School for Leadership and Journalism,630
"The Queens College School for Math, Science and Technology",391
The SEEALL Academy,922
The School for Inquiry and Social Justice,321
The School of Integrated Learning,485
The School of Science and Applied Learning,220
The Urban Assembly New York Harbor School,517
The Urban Assembly School for Law and Justice,634
The Urban Assembly School for the Urban Environment,75
The Young Scholars Academy of The Bronx,421
Theatre Arts Production Company School,962
Thomas C. Giordano Middle School 45,242
Thurgood Marshall Academy Lower School,111
Thurgood Marshall Academy for Learning and Social Change,804
Tompkins Square Middle School,208
Townsend Harris High School,469
Transit Tech Career and Technical Education High School,724
URBAN SCHOLARS COMMUNITY SCHOOL,110
Unity Center for Urban Technologies,339
University Heights Secondary School,376
University Neighborhood High School,618
University Neighborhood Middle School,318
Upper School @ P.S. 25,21
Urban Action Academy,347
"Urban Assembly Academy for History and Citizenship for Young Men, The",619
Urban Assembly Academy of Arts and Letters,331
Urban Assembly Academy of Civic Engagement,357
"Urban Assembly Academy of Government and Law, The",675
Urban Assembly High School of Music and Art at Water's Edge,600
Urban Assembly Institute of Math and Science for Young Women,684
"Urban Assembly School for Applied Math and Science, The",824
Urban Assembly School for Careers in Sports,870
Urban Assembly School for Criminal Justice,459
"Urban Assembly School for Media Studies, The",521
Urban Assembly School for Wildlife Conservation,669
Urban Assembly School for the Performing Arts,552
"Urban Assembly School of Business for Young Women, the",610
"Urban Assembly School of Design and Construction, The",531
Urban Institute of Mathematics,240
Urban Science Academy,313
Validus Preparatory Academy: An Expeditionary Learning School,605
Vanguard High School,396
Victory Collegiate High School,398
W. H. Maxwell Career and Technical Education High School,565
W.E.B. Dubois Academic High School,223
WEST PREP ACADEMY,202
Wadleigh Secondary School for the Performing & Visual Arts,620
Washington Heights Academy,137
Washington Heights Expeditionary Learning School,832
Washington Irving High School,692
West Bronx Academy for the Future,1201
West Brooklyn Community High School,161
William E. Grady Career and Technical Education High School,888
Williamsburg High School for Architecture and Design,692
Williamsburg Preparatory School,830
Wings Academy,583
Women's Academy of Excellence,562
World Academy for Total Community Health High School,711
World Journalism Preparatory: A College Board School,1172
Yorkville Community School,89
Young Leaders Elementary School,137
Young Scholars' Academy for Discovery and Exploration,144
Young Women's Leadership School,593
Young Women's Leadership School of Brooklyn,303
